Workbook

Sheet 60記事リスト
A1: ステータス | B1: ID | C1: 層 | D1: 記事タイトル（日本語） | E1: 優先度 | F1: 一次情報・備考（分離設計含む） | G1: 手渡し先 | H1: 目標月 | I1: 根拠クエリ（574語正本） | J1: 実査Vol/月 | K1: MEMO
A2: 未着手 | B2: A1 | C2: A 徒歩圏 | D2: 那珂川リバーサイドの朝・夕・夜 — 清川の川辺を歩く | E2: P3 | F2: 川沿い実写（時間帯3種）・徒歩実測 | G2: 清川 | H2: 2026-09 | I2: 福岡 那珂川沿い 宿／riverside accommodation fukuoka／ที่พักฟุกุโอกะ วิวแม่น้ำ | J2: <10
A3: 未着手 | B3: A2 | C3: A 徒歩圏 | D3: 柳橋連合市場で買って、宿の台所で作る（実践編） | E3: P3 | F3: 買い物実録・レシピ・金額。#13(市場ガイド)とはintent分離＝実践編 | G3: 連泊キッチン・清川 | H3: 2026-09 | I3: ที่พักใกล้ตลาดยานางิบาชิ／yanagibashi fish market／柳橋連合市場 近く 宿 | J3: <10
A4: 未着手 | B4: A3 | C4: A 徒歩圏 | D4: 住吉神社まで徒歩15分 — 朝参りのすすめ | E4: P3 | F4: 徒歩実測・朝の実写 | G4: 年末年始(#18) | H4: 2026-09 | I4: 住吉神社 近く 宿 | J4: <10
A5: 未着手 | B5: A4 | C5: A 徒歩圏 | D5: 渡辺通・薬院の夜ごはん — グループで入れる店 | E5: P3 | F5: 実訪・大人数可否を電話確認・確認日 | G5: 高砂 | H5: 2026-09 | I5: 渡辺通駅 近く ホテル／薬院 民泊／야쿠인 근처 숙소／渡邊通 住宿 | J5: <10
A6: 未着手 | B6: A5 | C6: A 徒歩圏 | D6: キャナルシティへ歩いて行く — 実測ルートと所要時間 | E6: P3 | F6: 徒歩実測（ベビーカー可否含む） | G6: 高砂 | H6: 2026-09 | I6: キャナルシティ 近く 民泊／博多運河城附近住宿／캐널시티 근처 숙소／ที่พักใกล้ canal city | J6: <10
A7: 未着手 | B7: A6 | C7: A 徒歩圏 | D7: 中洲は家族で行っても大丈夫？ — 正直ガイド | E7: P2 | F7: 昼夜の実写・家族視点の正直評価 | G7: 清川・高砂 | H7: 2026-09 | I7: 中洲 一棟貸し／中洲住宿／나카스 근처 숙소／ที่พักใกล้นากาสุ | J7: 50
A8: 未着手 | B8: A7 | C8: A 徒歩圏 | D8: 徒歩圏のスーパー・ドラッグストア実測マップ | E8: P3 | F8: 営業時間・品揃え・価格帯の実査＋確認日 | G8: 連泊キッチン | H8: 2026-09 | I8: 福岡 民泊 キッチン付き／可以煮飯／취사 가능한 숙소／ทำอาหารได้ | J8: <10
A9: 未着手 | B9: A8 | C9: A 徒歩圏 | D9: 徒歩圏の朝ごはん — うどん・パン屋・喫茶 | E9: P3 | F9: 実訪・開店時間確認 | G9: 両物件 | H9: 2026-09 | I9: （A7と同クラスタ・自炊しない朝の受け皿） | J9: <10
A10: 未着手 | B10: A9 | C10: A 徒歩圏 | D10: 子どもと歩ける徒歩圏の公園・遊び場 | E10: P3 | F10: 遊具・トイレ・日陰の実査 | G10: 子連れ(#12)・清川 | H10: 2026-09 | I10: things to do in fukuoka with kids／ฟุกุโอกะ ที่เที่ยวสำหรับเด็ก | J10: <10
A11: 未着手 | B11: A10 | C11: A 徒歩圏 | D11: 雨の日の徒歩圏 — アーケードと屋内の過ごし方 | E11: P3 | F11: 屋根つきルート実測 | G11: 子連れ・季節記事 | H11: 2026-10 | I11: （雨天需要・季節記事群の受け皿） | J11: <10
A12: 未着手 | B12: A11 | C12: A 徒歩圏 | D12: コンビニ・ATM・両替・薬局の実測 | E12: P3 | F12: 位置・海外カード対応の実査＋確認日 | G12: 全記事共通 | H12: 2026-10 | I12: （訪日FIT実用・GEO向けFAQ集約） | J12: <10
A13: 未着手 | B13: A12 | C13: A 徒歩圏 | D13: 洗濯どうする？ — 宿の洗濯機とコインランドリー | E13: P3 | F13: 機種・乾燥可否・近隣ランドリー実査 | G13: 連泊・長期滞在系 | H13: 2026-10 | I13: 福岡 洗濯機付き 宿／세탁기 있는 숙소／福岡民宿 洗衣機／มีเครื่องซักผ้า | J13: <10
... A61: 未着手 | B61: C60 | C61: C General | D61: 「写真がきれいな宿」の正直な話 — 感性宿と実物 | E61: P3 | F61: ストック画像不使用の思想をコンテンツ化 | G61: 両物件 | H61: 2027-02 | I61: ถ่ายรูปสวย／감성 숙소 | J61: <10

Sheet サマリー
A1: 福岡ガイド60記事 サマリー（数式は60記事リストを集計・行追加時はレンジ拡張）
A3: 層別本数
A4: 層A 徒歩圏一次情報 | B4: =COUNTIF('60記事リスト'!C2:C61,"A 徒歩圏") -> 20
A5: 層B 市内×用途 | B5: =COUNTIF('60記事リスト'!C2:C61,"B 市内×用途") -> 25
A6: 層C General正直版 | B6: =COUNTIF('60記事リスト'!C2:C61,"C General") -> 15
A7: 合計 | B7: =SUM(B4:B6) -> 60
A9: 優先度別
A10: P1 | B10: =COUNTIF('60記事リスト'!E2:E61,"P1") -> 6
A11: P2 | B11: =COUNTIF('60記事リスト'!E2:E61,"P2") -> 9
A12: P3 | B12: =COUNTIF('60記事リスト'!E2:E61,"P3") -> 45
A14: 月別 目標本数 | B14: 目標 | C14: 公開済
A15: 2026-09 | B15: =COUNTIF('60記事リスト'!H2:H61,"2026-09") -> 9 | C15: =COUNTIFS('60記事リスト'!H2:H61,"2026-09",'60記事リスト'!A2:A61,"公開済") -> 0
A16: 2026-10 | B16: =COUNTIF('60記事リスト'!H2:H61,"2026-10") -> 15 | C16: =COUNTIFS('60記事リスト'!H2:H61,"2026-10",'60記事リスト'!A2:A61,"公開済") -> 0
A17: 2026-11 | B17: =COUNTIF('60記事リスト'!H2:H61,"2026-11") -> 6 | C17: =COUNTIFS('60記事リスト'!H2:H61,"2026-11",'60記事リスト'!A2:A61,"公開済") -> 0
A18: 2026-12 | B18: =COUNTIF('60記事リスト'!H2:H61,"2026-12") -> 8 | C18: =COUNTIFS('60記事リスト'!H2:H61,"2026-12",'60記事リスト'!A2:A61,"公開済") -> 0
A19: 2027-01 | B19: =COUNTIF('60記事リスト'!H2:H61,"2027-01") -> 12 | C19: =COUNTIFS('60記事リスト'!H2:H61,"2027-01",'60記事リスト'!A2:A61,"公開済") -> 0
A20: 2027-02 | B20: =COUNTIF('60記事リスト'!H2:H61,"2027-02") -> 10 | C20: =COUNTIFS('60記事リスト'!H2:H61,"2027-02",'60記事リスト'!A2:A61,"公開済") -> 0
A22: 進捗（ステータス列を更新すると自動集計）
A23: 未着手 | B23: =COUNTIF('60記事リスト'!A2:A61,"未着手") -> 60
A24: 取材済 | B24: =COUNTIF('60記事リスト'!A2:A61,"取材済") -> 0
A25: draft投入 | B25: =COUNTIF('60記事リスト'!A2:A61,"draft投入") -> 0
A26: QA中 | B26: =COUNTIF('60記事リスト'!A2:A61,"QA中") -> 0
A27: 公開済 | B27: =COUNTIF('60記事リスト'!A2:A61,"公開済") -> 0
A29: 凡例
A30: 黄色行=P1（実査500級）／ステータス列（J列）だけ手で更新: 未着手→取材済→draft投入→QA中→公開済
A31: 正本MD: docs/roadmap_yah_homes_福岡ガイド60記事.md（分離設計・運用ルールはMD参照）
